{
  "aggregate": {
    "faithfulness": 1.0,
    "answer_relevancy": 0.6642673992673993,
    "context_precision": 0.06166033787991504,
    "context_recall": 0.9800000000000001
  },
  "num_questions": 5,
  "failures": []
}